{
  "dependencies": {
    "secrets1": {
      "type": "secrets.user"
    },
    "mssql1": {
      "serviceConnectorResourceId": "/subscriptions/[parameters('subscriptionId')]/resourceGroups/[parameters('resourceGroupName')]/providers/Microsoft.ServiceLinker/locations/brazilsouth/connectors/ConnectionStringsAtacantes_E3BFD7474D",
      "secretStore": "LocalSecretsFile",
      "resourceId": "/subscriptions/[parameters('subscriptionId')]/resourceGroups/[parameters('resourceGroupName')]/providers/Microsoft.Sql/servers/futscout/databases/Atacantes",
      "type": "mssql.azure",
      "connectionId": "ConnectionStrings:Atacantes",
      "dynamicId": null
    }
  }
}